Workbook

Sheet 2024 -- template 1
A1: Combination | B1: Total Cost | C1: Total Cost per subscription pack combo: (270 customers) | D1: features: | I1: rows a-l are months | L1: expected Customers:
A2: 6 × C1 | B2: =6*G28 -> 3.42 | C2: =sum(B2)*L2 -> 923.4 | D2: 6 | E2: ✔️ | I2: colomns are each month by year | L2: 270
A3: 1 × C1 + 1 × C2 | B3: =sum((G28*1)+(G29*1)) -> 3.83 | C3: =sum(B3)*L3 -> 1034.1 | D3: 2 | E3: ✔️ | I3: basically (colomn, row) box notation for the APL users | L3: 270
A4: 2 × C1 + 1 × C2 | B4: =sum((G28*2)+(G29*1)) -> 4.4 | C4: =sum(B4)*L4 -> 1188 | D4: 3 | E4: ✔️ | L4: 270
A5: 3 × C1 + 1 × C2 | B5: =sum((G28*3)+(G29*1)) -> 4.97 | C5: =sum(B5)*L5 -> 1341.9 | D5: 4 | E5: ✔️ | L5: 270
A6: 4 × C1 + 1 × C2 | B6: =sum((G28*4)+(G29*1)) -> 5.54 | C6: =sum(B6)*L6 -> 1495.8 | D6: 5 | E6: ✔️ | L6: 270
A7: 5 × C1 + 1 × C2 | B7: =sum((G28*5)+(G29*1)) -> 6.11 | C7: =sum(B7)*L7 -> 1649.7 | D7: 6 | E7: ✔️ | L7: 270
A8: 1 × C1 + 1 × C3 | B8: =sum((G28*1)+(G30*1)) -> 6.52 | C8: =sum(B8)*L8 -> 1760.4 | D8: 2 | E8: ✔️ | L8: 270
A9: 2 × C1 + 1 × C3 | B9: =sum((G28*2)+(G30*1)) -> 7.09 | C9: =sum(B9)*L9 -> 1914.3 | D9: 3 | E9: ✔️ | L9: 270
A10: 2 × C1 + 2 × C2 | B10: =sum((G28*2)+(G29*2)) -> 7.66 | C10: =sum(B10)*L10 -> 2068.2 | D10: 4 | E10: ✔️ | L10: 270
A11: 3 × C1 + 1 × C3 | B11: =sum((G28*3)+(G30*1)) -> 7.66 | C11: =sum(B11)*L11 -> 2068.2 | D11: 4 | E11: ✔️ | L11: 270
A12: 4 × C1 + 1 × C3 | B12: =sum((G28*4)+(G30*1)) -> 8.23 | C12: =sum(B12)*L12 -> 2222.1 | D12: 5 | E12: ✔️ | L12: 270
A13: 5 × C1 + 1 × C3 | B13: =sum((G28*5)+(G30*1)) -> 8.8 | C13: =sum(B13)*L13 -> 2376 | D13: 6 | E13: ✔️ | L13: 270
A14: 3 × C1 + 1 × C4 | B14: =sum((G28*3)+(G31*1)) -> 10.35 | C14: =sum(B14)*L14 -> 2794.5 | D14: 4 | E14: ✔️ | L14: 270
A15: 4 × C1 + 1 × C4 | B15: =sum((G28*4)+(G31*1)) -> 10.92 | C15: =sum(B15)*L15 -> 2948.4 | D15: 5 | E15: ✔️ | I15: tax: | L15: 270
A16: 5 × C1 + 1 × C4 | B16: =sum((G28*5)+(G31*1)) -> 11.49 | C16: =sum(B16)*L16 -> 3102.3 | D16: 6 | E16: ✔️ | I16: 0.0825 | L16: 270
A17: 1 × C1 + 2 × C3 | B17: =sum((G28*1)+(G30*2)) -> 12.47 | C17: =sum(B17)*L17 -> 3366.9 | D17: 3 | E17: ✔️ | I17: tax applicable? | L17: 270
A18: 4 × C2 | B18: =sum((G28*0)+(G29*4)) -> 13.04 | C18: =sum(B18)*L18 -> 3520.8 | D18: 4 | E18: ✔️ | I18: 0, factored into price | L18: 270
A19: 3 × C1 + 1 × C5 | B19: =sum((G28*3)+(G32*1)) -> 13.04 | C19: =sum(B19)*L19 -> 3520.8 | D19: 4 | E19: ✔️ | L19: 270
A20: 5 × C1 + 1 × C5 | B20: =sum((G28*5)+(G32*1)) -> 14.18 | C20: =sum(B20)*L20 -> 3828.6 | D20: 6 | E20: ✔️ | L20: 270
A21: 5 × C1 + 1 × C6 | B21: =sum((G28*5)+(G33*1)) -> 16.91 | C21: =sum(B21)*L21 -> 4565.7 | D21: 6 | E21: ✔️ | L21: 270
A22: 1 ×C3 + 1×C5 + 1×C1 | B22: =sum((G30*1)+(G32*1)+(G28*1)) -> 17.85 | C22: =sum(B22)*L22 -> 4819.5 | D22: 3 | E22: ✔️ | L22: 270
A23: 2 ×C1 + 1×C7 | B23: =sum((G28*2)+(G34*1)) -> 17.85 | C23: =sum(B23)*L23 -> 4819.5 | D23: 3 | E23: ✔️ | L23: 270
A24: 5 × C1 + 1 × C7 | B24: =sum((G28*5)+(G34*1)) -> 19.56 | C24: =sum(B24)*L24 -> 5281.2 | D24: 6 | E24: ✔️ | L24: 270
A25: 1 × C1 + 1 × C8 | B25: =sum((G28*1)+(G35*1)) -> 19.99 | C25: =sum(B25)*L25 -> 5397.3 | D25: 2 | E25: ✔️ | L25: 270
E26: stripe integrations?:
B27: y(n) = Total cost for n features
B28: 3.42 = Base price (for the minimal service or initial feature) | G28: =sum('complexity based pricing'!B2) -> 0.57
B29: di​ = Complexity of the ith feature | G29: =sum('complexity based pricing'!B3) -> 3.26
B30: n = Total number of features | G30: =sum('complexity based pricing'!B4) -> 5.95
G31: =sum('complexity based pricing'!B5) -> 8.64
G32: =sum('complexity based pricing'!B6) -> 11.33
G33: =sum('complexity based pricing'!B7) -> 14.06
G34: =sum('complexity based pricing'!B8) -> 16.71
A35: numerit1 × Complexity x1 & numerit2 × Complexity x2} layers | G35: =sum('complexity based pricing'!B9) -> 19.42

Sheet Notes 20242912
A1: platform parts: | C1: Supported OSes:
A2: pybrain3 | C2: Does it run python?
A3: numpy1.26.1 | C3: Yes? then it likely is supported on even that OS unless not installed
A4: scipy
D5: google tv
D6: android
D7: apple & IOS ( a-shell & i shell plus python install; seek manual and claude.ai for assistance with google search of it )
D8: google-watch? | E8: <-- If ya get things installed via adb and a good microsd, probably will for andorid 4+
D9: ubuntu/debian? <-- yes
D10: termux.apk? <-- Test manually but yes.
D11: userland.apk? <-- Test manually but yes.
D12: Docker? Yes, tools prepackaged
A14: #####################################################################################################################
A16: Since it can be run anywhere including on a cellphone,
B17: I figured I would make it possible for a person to download multiple versions of the one they train from their own data.
B18: This would make even the free version accessible to them much like a paid subscription plan.
C19: Since I will be training it offline via MRI & FASTA data relavent to the human head,
B20: this is meant to be trained to be minimally fit and will be up after the 1st of January.
A22: After that, I will open a shop for the second stage of stage 10 to AI development with tutorials.
B23: To the rest with uncertainties, submission in writing of your concerns and question lingering will be welcomed.
B24: Even the hackers of the world are welcomed to join me on this development and new set of findings.
B26: Thank you.
C27: Doing this work is an honour. To many of you on whom knew me when I was growing up,
C28: Thank you.
C29: You made the challenge worth it.
C30: To those I went to church with and on the behalf of,
C31: Also thank you.
C33: To those of whom asked the same questions Alan Turing did, thank you.
D34: You are on the right path, unlike those doing vector processing.

Sheet complexity based pricing
A1: complexity: | B1: Price:
A2: 1 | B2: 0.57
A3: 2 | B3: 3.26
A4: 3 | B4: 5.95
A5: 4 | B5: 8.64
A6: 5 | B6: 11.33
A7: 6 | B7: 14.06
A8: 7 | B8: 16.71
A9: 8 | B9: 19.42

Sheet links as notes

Sheet 2024
K1: 3.83 | N1: notes:
K2: -3.83 | N2: test in deployment mode
K3: -0.41 | N3: refund
N4: fee for refund to self
A32: jan | B32: feb | C32: mar | D32: apr | E32: may | F32: jun | G32: jul | H32: aug | I32: sep | J32: oct | K32: nov | L32: dec
A33: total:
A34: =sum(A1:A30) -> 0 | B34: =sum(B1:B30) -> 0 | C34: =sum(C1:C30) -> 0 | D34: =sum(D1:D30) -> 0 | E34: =sum(E1:E30) -> 0 | F34: =sum(F1:F30) -> 0 | G34: =sum(G1:G30) -> 0 | H34: =sum(H1:H30) -> 0 | ... L34: =sum(L1:L30) -> 0

Sheet 2025
N1: notes:
A32: jan | B32: feb | C32: mar | D32: apr | E32: may | F32: jun | G32: jul | H32: aug | I32: sep | J32: oct | K32: nov | L32: dec
A33: total:
A34: =sum(A1:A30) -> 0 | B34: =sum(B1:B30) -> 0 | C34: =sum(C1:C30) -> 0 | D34: =sum(D1:D30) -> 0 | E34: =sum(E1:E30) -> 0 | F34: =sum(F1:F30) -> 0 | G34: =sum(G1:G30) -> 0 | H34: =sum(H1:H30) -> 0 | ... L34: =sum(L1:L30) -> 0
